date,latitude [°],longitude [°],VV [dB],VH [dB],angle [degrees],precipitation [mm],elevation [m]
2024-01-01,40.05,-88.37,,,,0.0,213
2024-01-01,38.89,-86.57,,,,0.0,229
2024-01-01,37.25,-86.23,,,,0.0,231
2024-01-01,38.09,-84.75,-11.920238411715168,-26.57271412288428,30.446727752685547,0.0,258
2024-01-02,40.05,-88.37,,,,0.0,213
2024-01-02,38.89,-86.57,,,,0.0,229
2024-01-02,37.25,-86.23,,,,0.0,231
2024-01-02,38.09,-84.75,,,,0.0,258
2024-01-03,40.05,-88.37,,,,0.0,213
2024-01-03,38.89,-86.57,,,,0.0,229
2024-01-03,37.25,-86.23,,,,0.0,231
2024-01-03,38.09,-84.75,,,,0.0,258
2024-01-04,40.05,-88.37,,,,0.0,213
2024-01-04,38.89,-86.57,,,,0.0,229
2024-01-04,37.25,-86.23,,,,0.0,231
2024-01-04,38.09,-84.75,,,,0.0,258
2024-01-05,40.05,-88.37,,,,1.9161516427993768,213
2024-01-05,38.89,-86.57,,,,2.119248151779175,229
2024-01-05,37.25,-86.23,,,,3.0835981369018555,231
2024-01-05,38.09,-84.75,,,,0.0,258
2024-01-06,40.05,-88.37,,,,5.25901460647583,213
2024-01-06,38.89,-86.57,,,33.129451751708984,13.16363525390625,229
2024-01-06,37.25,-86.23,-9.97254648553955,-13.381967761410111,33.168460845947266,9.237837791442873,231
2024-01-06,38.09,-84.75,-12.778516517958348,-24.697451274036496,41.969181060791016,15.178404808044434,258
2024-01-07,40.05,-88.37,,,,0.0,213
2024-01-07,38.89,-86.57,,,,0.0,229
2024-01-07,37.25,-86.23,,,,0.0,231
2024-01-07,38.09,-84.75,,,,0.0,258
2024-01-08,40.05,-88.37,,,,5.25901460647583,213
2024-01-08,38.89,-86.57,,,,4.387877941131592,229
2024-01-08,37.25,-86.23,,,,0.0,231
2024-01-08,38.09,-84.75,,,,5.059467792510986,258
2024-01-09,40.05,-88.37,,,,13.147537231445312,213
2024-01-09,38.89,-86.57,,,,21.939388275146484,229
2024-01-09,37.25,-86.23,,,,46.189186096191406,231
2024-01-09,38.09,-84.75,,,,30.356809616088867,258
2024-01-10,40.05,-88.37,,,,0.0,213
2024-01-10,38.89,-86.57,,,,0.0,229
2024-01-10,37.25,-86.23,,,,0.0,231
2024-01-10,38.09,-84.75,,,,0.0,258
2024-01-11,40.05,-88.37,,,,0.0,213
2024-01-11,38.89,-86.57,,,,0.0,229
2024-01-11,37.25,-86.23,-6.5190377433451765,-14.262859339381963,43.95873260498047,0.0,231
2024-01-11,38.09,-84.75,,,,0.0,258
2024-01-12,40.05,-88.37,,,,27.848529815673828,213
2024-01-12,38.89,-86.57,,,,24.208127975463867,229
2024-01-12,37.25,-86.23,,,,36.73601150512695,231
2024-01-12,38.09,-84.75,,,,20.905406951904297,258
2024-01-13,40.05,-88.37,,,,0.0,213
2024-01-13,38.89,-86.57,,,,0.0,229
2024-01-13,37.25,-86.23,,,,0.0,231
2024-01-13,38.09,-84.75,,,,0.0,258
2024-01-14,40.05,-88.37,,,,0.0,213
2024-01-14,38.89,-86.57,,,,0.0,229
2024-01-14,37.25,-86.23,,,,0.0,231
2024-01-14,38.09,-84.75,,,,0.0,258
2024-01-15,40.05,-88.37,,,,0.0,213
2024-01-15,38.89,-86.57,,,,0.0,229
2024-01-15,37.25,-86.23,,,,0.0,231
2024-01-15,38.09,-84.75,,,,0.0,258
2024-01-16,40.05,-88.37,,,,0.0,213
2024-01-16,38.89,-86.57,,,,0.0,229
2024-01-16,37.25,-86.23,,,,0.0,231
2024-01-16,38.09,-84.75,,,,3.010170221328736,258
2024-01-17,40.05,-88.37,,,,0.0,213
2024-01-17,38.89,-86.57,,,,0.0,229
2024-01-17,37.25,-86.23,,,,0.0,231
2024-01-17,38.09,-84.75,,,,0.0,258
2024-01-18,40.05,-88.37,,,,0.0,213
2024-01-18,38.89,-86.57,,,33.12590026855469,2.987377166748047,229
2024-01-18,37.25,-86.23,-8.453159250848971,-17.009127264095294,33.165000915527344,0.0,231
2024-01-18,38.09,-84.75,-15.344591474046982,-24.540012640027825,41.966068267822266,3.010170221328736,258
2024-01-19,40.05,-88.37,,,,4.183613300323486,213
2024-01-19,38.89,-86.57,,,,0.0,229
2024-01-19,37.25,-86.23,,,,0.0,231
2024-01-19,38.09,-84.75,,,,0.0,258
2024-01-20,40.05,-88.37,,,,0.0,213
2024-01-20,38.89,-86.57,,,,0.0,229
2024-01-20,37.25,-86.23,,,,0.0,231
2024-01-20,38.09,-84.75,,,,0.0,258
2024-01-21,40.05,-88.37,,,,0.0,213
2024-01-21,38.89,-86.57,,,,0.0,229
2024-01-21,37.25,-86.23,,,,0.0,231
2024-01-21,38.09,-84.75,,,,0.0,258
2024-01-22,40.05,-88.37,,,,3.1576836109161377,213
2024-01-22,38.89,-86.57,,,,0.0,229
2024-01-22,37.25,-86.23,,,,0.0,231
2024-01-22,38.09,-84.75,,,,0.0,258
2024-01-23,40.05,-88.37,,,,9.473050117492676,213
2024-01-23,38.89,-86.57,,,,0.0,229
2024-01-23,37.25,-86.23,-8.35138594156787,-13.462296252685585,43.95862579345703,4.29615592956543,231
2024-01-23,38.09,-84.75,,,,5.448376655578613,258
2024-01-24,40.05,-88.37,,,,15.78841781616211,213
2024-01-24,38.89,-86.57,,,,19.299055099487305,229
2024-01-24,37.25,-86.23,,,,21.48077964782715,231
2024-01-24,38.09,-84.75,,,,16.345130920410156,258
2024-01-25,40.05,-88.37,,,,3.1576836109161377,213
2024-01-25,38.89,-86.57,,,,11.579432487487791,229
2024-01-25,37.25,-86.23,,,,21.48077964782715,231
2024-01-25,38.09,-84.75,-8.719025656884785,-13.60338210299705,30.4466552734375,10.896753311157228,258
2024-01-26,40.05,-88.37,,,,0.0,213
2024-01-26,38.89,-86.57,,,,0.0,229
2024-01-26,37.25,-86.23,,,,0.0,231
2024-01-26,38.09,-84.75,,,,0.0,258
2024-01-27,40.05,-88.37,,,,12.038565635681152,213
2024-01-27,38.89,-86.57,,,,20.807064056396484,229
2024-01-27,37.25,-86.23,,,,27.76484680175781,231
2024-01-27,38.09,-84.75,,,,20.87893486022949,258
2024-01-28,40.05,-88.37,,,,6.019282817840576,213
2024-01-28,38.89,-86.57,,,,0.0,229
2024-01-28,37.25,-86.23,,,,0.0,231
2024-01-28,38.09,-84.75,,,,0.0,258
2024-01-29,40.05,-88.37,,,,0.0,213
2024-01-29,38.89,-86.57,,,,0.0,229
2024-01-29,37.25,-86.23,,,,0.0,231
2024-01-29,38.09,-84.75,,,,0.0,258
2024-01-30,40.05,-88.37,,,,0.0,213
2024-01-30,38.89,-86.57,,,33.12702178955078,0.0,229
2024-01-30,37.25,-86.23,-6.662523537288992,-13.893901051036616,33.16607666015625,0.0,231
2024-01-30,38.09,-84.75,-12.420417872957666,-21.12610318868594,41.967041015625,0.0,258
2024-01-31,40.05,-88.37,,,,0.0,213
2024-01-31,38.89,-86.57,,,,0.0,229
2024-01-31,37.25,-86.23,,,,0.0,231
2024-01-31,38.09,-84.75,,,,0.0,258
2024-02-01,40.05,-88.37,,,,0.0,213
2024-02-01,38.89,-86.57,,,,0.0,229
2024-02-01,37.25,-86.23,,,,0.0,231
2024-02-01,38.09,-84.75,,,,0.0,258
2024-02-02,40.05,-88.37,,,,0.0,213
2024-02-02,38.89,-86.57,,,,0.0,229
2024-02-02,37.25,-86.23,,,,0.0,231
2024-02-02,38.09,-84.75,,,,0.0,258
2024-02-03,40.05,-88.37,,,,0.0,213
2024-02-03,38.89,-86.57,,,,0.0,229
2024-02-03,37.25,-86.23,,,,0.0,231
2024-02-03,38.09,-84.75,,,,0.0,258
2024-02-04,40.05,-88.37,,,,0.0,213
2024-02-04,38.89,-86.57,,,,0.0,229
2024-02-04,37.25,-86.23,-10.160159527028616,-12.825712783353902,43.958534240722656,0.0,231
2024-02-04,38.09,-84.75,,,,0.0,258
2024-02-05,40.05,-88.37,,,,0.0,213
2024-02-05,38.89,-86.57,,,,0.0,229
2024-02-05,37.25,-86.23,,,,3.888495445251465,231
2024-02-05,38.09,-84.75,,,,0.0,258
2024-02-06,40.05,-88.37,,,,0.0,213
2024-02-06,38.89,-86.57,,,,0.0,229
2024-02-06,37.25,-86.23,,,,0.0,231
2024-02-06,38.09,-84.75,-11.655621856893756,-32.12740024779898,30.44730758666992,0.0,258
2024-02-07,40.05,-88.37,,,,0.0,213
2024-02-07,38.89,-86.57,,,,0.0,229
2024-02-07,37.25,-86.23,,,,0.0,231
2024-02-07,38.09,-84.75,,,,0.0,258
2024-02-08,40.05,-88.37,,,,3.784615993499756,213
2024-02-08,38.89,-86.57,,,,0.0,229
2024-02-08,37.25,-86.23,,,,0.0,231
2024-02-08,38.09,-84.75,,,,0.0,258
2024-02-09,40.05,-88.37,,,,0.0,213
2024-02-09,38.89,-86.57,,,,3.775750160217285,229
2024-02-09,37.25,-86.23,,,,2.621060609817505,231
2024-02-09,38.09,-84.75,,,,6.059140682220459,258
2024-02-10,40.05,-88.37,,,,0.0,213
2024-02-10,38.89,-86.57,,,,7.55150032043457,229
2024-02-10,37.25,-86.23,,,,10.48424243927002,231
2024-02-10,38.09,-84.75,,,,6.059140682220459,258
2024-02-11,40.05,-88.37,,,,0.0,213
2024-02-11,38.89,-86.57,,,33.12767028808594,4.829066753387451,229
2024-02-11,37.25,-86.23,-11.986405183093058,-12.206867409838724,33.16661071777344,24.53257942199707,231
2024-02-11,38.09,-84.75,-12.024605530462429,-26.92083588894145,41.96755599975586,10.877906799316406,258
2024-02-12,40.05,-88.37,,,,0.0,213
2024-02-12,38.89,-86.57,,,,1.2072666883468628,229
2024-02-12,37.25,-86.23,,,,18.39943504333496,231
2024-02-12,38.09,-84.75,,,,5.438953399658203,258
2024-02-13,40.05,-88.37,,,,0.0,213
2024-02-13,38.89,-86.57,,,,2.4145333766937256,229
2024-02-13,37.25,-86.23,,,,6.133144855499268,231
2024-02-13,38.09,-84.75,,,,8.158430099487305,258
2024-02-14,40.05,-88.37,,,,0.0,213
2024-02-14,38.89,-86.57,,,,0.0,229
2024-02-14,37.25,-86.23,,,,0.0,231
2024-02-14,38.09,-84.75,,,,0.0,258
2024-02-15,40.05,-88.37,,,,0.0,213
2024-02-15,38.89,-86.57,,,,0.0,229
2024-02-15,37.25,-86.23,,,,0.0,231
2024-02-15,38.09,-84.75,,,,0.0,258
2024-02-16,40.05,-88.37,,,,0.0,213
2024-02-16,38.89,-86.57,,,,4.062310695648193,229
2024-02-16,37.25,-86.23,-9.04568388971255,-15.479621468950802,43.95915985107422,0.0,231
2024-02-16,38.09,-84.75,,,,3.847675085067749,258
2024-02-17,40.05,-88.37,,,,0.0,213
2024-02-17,38.89,-86.57,,,,0.0,229
2024-02-17,37.25,-86.23,,,,0.0,231
2024-02-17,38.09,-84.75,,,,0.0,258
2024-02-18,40.05,-88.37,,,,0.0,213
2024-02-18,38.89,-86.57,,,,0.0,229
2024-02-18,37.25,-86.23,,,,0.0,231
2024-02-18,38.09,-84.75,-11.636105677376676,-29.20173201708238,30.44823265075684,0.0,258
2024-02-19,40.05,-88.37,,,,0.0,213
2024-02-19,38.89,-86.57,,,,0.0,229
2024-02-19,37.25,-86.23,,,,0.0,231
2024-02-19,38.09,-84.75,,,,0.0,258
2024-02-20,40.05,-88.37,,,,0.0,213
2024-02-20,38.89,-86.57,,,,0.0,229
2024-02-20,37.25,-86.23,,,,0.0,231
2024-02-20,38.09,-84.75,,,,0.0,258
2024-02-21,40.05,-88.37,,,,0.0,213
2024-02-21,38.89,-86.57,,,,0.0,229
2024-02-21,37.25,-86.23,,,,0.0,231
2024-02-21,38.09,-84.75,,,,0.0,258
2024-02-22,40.05,-88.37,,,,8.922539710998535,213
2024-02-22,38.89,-86.57,,,,4.898929119110107,229
2024-02-22,37.25,-86.23,,,,5.480833530426025,231
2024-02-22,38.09,-84.75,,,,15.793985366821287,258
2024-02-23,40.05,-88.37,,,,0.0,213
2024-02-23,38.89,-86.57,,,33.12955093383789,0.0,229
2024-02-23,37.25,-86.23,-7.719361511028618,-14.390818479342588,33.16844177246094,8.221250534057617,231
2024-02-23,38.09,-84.75,-13.808269097086484,-19.16856507768766,41.96920394897461,0.0,258
2024-02-24,40.05,-88.37,,,,0.0,213
2024-02-24,38.89,-86.57,,,,0.0,229
2024-02-24,37.25,-86.23,,,,0.0,231
2024-02-24,38.09,-84.75,,,,0.0,258
2024-02-25,40.05,-88.37,,,,0.0,213
2024-02-25,38.89,-86.57,,,,0.0,229
2024-02-25,37.25,-86.23,,,,0.0,231
2024-02-25,38.09,-84.75,,,,0.0,258
2024-02-26,40.05,-88.37,,,,0.0,213
2024-02-26,38.89,-86.57,,,,0.0,229
2024-02-26,37.25,-86.23,,,,0.0,231
2024-02-26,38.09,-84.75,,,,0.0,258
2024-02-27,40.05,-88.37,,,,0.0,213
2024-02-27,38.89,-86.57,,,,2.649289608001709,229
2024-02-27,37.25,-86.23,,,,5.48438835144043,231
2024-02-27,38.09,-84.75,,,,4.539211750030518,258
2024-02-28,40.05,-88.37,,,,0.0,213
2024-02-28,38.89,-86.57,,,,0.0,229
2024-02-28,37.25,-86.23,-10.522351859663193,-12.816444190861,43.95880126953125,10.96877670288086,231
2024-02-28,38.09,-84.75,,,,13.617634773254396,258
2024-02-29,40.05,-88.37,,,,0.0,213
2024-02-29,38.89,-86.57,,,,0.0,229
2024-02-29,37.25,-86.23,,,,0.0,231
2024-02-29,38.09,-84.75,,,,0.0,258
2024-03-01,40.05,-88.37,,,,0.0,213
2024-03-01,38.89,-86.57,,,,6.37425422668457,229
2024-03-01,37.25,-86.23,,,,14.763626098632812,231
2024-03-01,38.09,-84.75,-9.195866691193991,-21.24551196007712,30.44858932495117,6.914513111114502,258
2024-03-02,40.05,-88.37,,,,0.0,213
2024-03-02,38.89,-86.57,,,,0.0,229
2024-03-02,37.25,-86.23,,,,0.0,231
2024-03-02,38.09,-84.75,,,,0.0,258
2024-03-03,40.05,-88.37,,,,0.0,213
2024-03-03,38.89,-86.57,,,,0.0,229
2024-03-03,37.25,-86.23,,,,0.0,231
2024-03-03,38.09,-84.75,,,,0.0,258
2024-03-04,40.05,-88.37,,,,0.0,213
2024-03-04,38.89,-86.57,,,,0.0,229
2024-03-04,37.25,-86.23,,,,0.0,231
2024-03-04,38.09,-84.75,,,,0.0,258
2024-03-05,40.05,-88.37,,,,7.788048267364502,213
2024-03-05,38.89,-86.57,,,,3.187127113342285,229
2024-03-05,37.25,-86.23,,,,0.0,231
2024-03-05,38.09,-84.75,,,,3.457256555557251,258
2024-03-06,40.05,-88.37,,,,0.0,213
2024-03-06,38.89,-86.57,,,33.1303596496582,16.415279388427734,229
2024-03-06,37.25,-86.23,-7.554486420905361,-14.772150626564397,33.16917419433594,0.0,231
2024-03-06,38.09,-84.75,-11.546907615067587,-21.005430130738723,41.96987533569336,14.512762069702148,258
2024-03-07,40.05,-88.37,,,,21.182485580444336,213
2024-03-07,38.89,-86.57,,,,0.0,229
2024-03-07,37.25,-86.23,,,,6.954885482788086,231
2024-03-07,38.09,-84.75,,,,0.0,258
2024-03-08,40.05,-88.37,,,,0.0,213
2024-03-08,38.89,-86.57,,,,8.207639694213867,229
2024-03-08,37.25,-86.23,,,,34.77442932128906,231
2024-03-08,38.09,-84.75,,,,21.76914596557617,258
2024-03-09,40.05,-88.37,,,,0.0,213
2024-03-09,38.89,-86.57,,,,0.0,229
2024-03-09,37.25,-86.23,,,,0.0,231
2024-03-09,38.09,-84.75,,,,0.0,258
2024-03-10,40.05,-88.37,,,,0.0,213
2024-03-10,38.89,-86.57,,,,0.0,229
2024-03-10,37.25,-86.23,,,,0.0,231
2024-03-10,38.09,-84.75,,,,0.0,258
2024-03-11,40.05,-88.37,,,,0.0,213
2024-03-11,38.89,-86.57,,,,0.0,229
2024-03-11,37.25,-86.23,-10.537372049076698,-14.206999621551349,43.96073532104492,0.0,231
2024-03-11,38.09,-84.75,,,,0.0,258
2024-03-12,40.05,-88.37,,,,0.0,213
2024-03-12,38.89,-86.57,,,,0.0,229
2024-03-12,37.25,-86.23,,,,0.0,231
2024-03-12,38.09,-84.75,,,,0.0,258
2024-03-13,40.05,-88.37,,,,0.0,213
2024-03-13,38.89,-86.57,,,,0.0,229
2024-03-13,37.25,-86.23,,,,0.0,231
2024-03-13,38.09,-84.75,-8.677911861725459,-14.912091649037576,30.450437545776367,0.0,258
2024-03-14,40.05,-88.37,,,,8.094124794006348,213
2024-03-14,38.89,-86.57,,,,6.444912910461426,229
2024-03-14,37.25,-86.23,,,,0.0,231
2024-03-14,38.09,-84.75,,,,0.0,258
2024-03-15,40.05,-88.37,,,,5.396083354949951,213
2024-03-15,38.89,-86.57,,,,19.3347396850586,229
2024-03-15,37.25,-86.23,,,,20.565162658691406,231
2024-03-15,38.09,-84.75,,,,22.833663940429688,258
2024-03-16,40.05,-88.37,,,,0.0,213
2024-03-16,38.89,-86.57,,,,0.0,229
2024-03-16,37.25,-86.23,,,,0.0,231
2024-03-16,38.09,-84.75,,,,0.0,258
2024-03-17,40.05,-88.37,,,,0.0,213
2024-03-17,38.89,-86.57,,,,0.0,229
2024-03-17,37.25,-86.23,,,,0.0,231
2024-03-17,38.09,-84.75,,,,0.0,258
2024-03-18,40.05,-88.37,,,,0.0,213
2024-03-18,38.89,-86.57,,,33.130821228027344,0.0,229
2024-03-18,37.25,-86.23,-8.603149249899886,-15.991423309821688,33.16958236694336,0.0,231
2024-03-18,38.09,-84.75,-12.780166576614343,-19.925474398493048,41.97026062011719,0.0,258
2024-03-19,40.05,-88.37,,,,0.0,213
2024-03-19,38.89,-86.57,,,,0.0,229
2024-03-19,37.25,-86.23,,,,0.0,231
2024-03-19,38.09,-84.75,,,,0.0,258
2024-03-20,40.05,-88.37,,,,0.0,213
2024-03-20,38.89,-86.57,,,,0.0,229
2024-03-20,37.25,-86.23,,,,0.0,231
2024-03-20,38.09,-84.75,,,,0.0,258
2024-03-21,40.05,-88.37,,,,0.0,213
2024-03-21,38.89,-86.57,,,,0.0,229
2024-03-21,37.25,-86.23,,,,0.0,231
2024-03-21,38.09,-84.75,,,,0.0,258
2024-03-22,40.05,-88.37,,,,0.0,213
2024-03-22,38.89,-86.57,,,,0.0,229
2024-03-22,37.25,-86.23,,,,0.0,231
2024-03-22,38.09,-84.75,,,,0.0,258
2024-03-23,40.05,-88.37,,,,0.0,213
2024-03-23,38.89,-86.57,,,,0.0,229
2024-03-23,37.25,-86.23,-10.9800403005441,-15.92701928986838,43.96141052246094,0.0,231
2024-03-23,38.09,-84.75,,,,4.000813007354736,258
2024-03-24,40.05,-88.37,,,,0.0,213
2024-03-24,38.89,-86.57,,,,0.0,229
2024-03-24,37.25,-86.23,,,,0.0,231
2024-03-24,38.09,-84.75,,,,0.0,258
2024-03-25,40.05,-88.37,,,,5.983442783355713,213
2024-03-25,38.89,-86.57,,,,2.1630420684814453,229
2024-03-25,37.25,-86.23,,,,0.0,231
2024-03-25,38.09,-84.75,-8.854158117925166,-22.616680716464,30.45323944091797,0.0,258
2024-03-26,40.05,-88.37,,,,0.0,213
2024-03-26,38.89,-86.57,,,,4.768031597137451,229
2024-03-26,37.25,-86.23,,,,14.190054893493652,231
2024-03-26,38.09,-84.75,,,,17.222043991088867,258
2024-03-27,40.05,-88.37,,,,0.0,213
2024-03-27,38.89,-86.57,,,,0.0,229
2024-03-27,37.25,-86.23,,,,0.0,231
2024-03-27,38.09,-84.75,,,,0.0,258
2024-03-28,40.05,-88.37,,,,0.0,213
2024-03-28,38.89,-86.57,,,,0.0,229
2024-03-28,37.25,-86.23,,,,0.0,231
2024-03-28,38.09,-84.75,,,,0.0,258
2024-03-29,40.05,-88.37,,,,0.0,213
2024-03-29,38.89,-86.57,,,,0.0,229
2024-03-29,37.25,-86.23,,,,0.0,231
2024-03-29,38.09,-84.75,,,,0.0,258
2024-03-30,40.05,-88.37,,,,9.056897163391112,213
2024-03-30,38.89,-86.57,,,33.13551330566406,4.768031597137451,229
2024-03-30,37.25,-86.23,-7.990138826988762,-13.622295741511998,33.17433547973633,0.0,231
2024-03-30,38.09,-84.75,-11.539419110346811,-18.01220945087749,41.9744758605957,0.0,258
2024-03-31,40.05,-88.37,,,,0.0,213
2024-03-31,38.89,-86.57,,,,0.0,229
2024-03-31,37.25,-86.23,,,,0.0,231
2024-03-31,38.09,-84.75,,,,0.0,258
2024-04-01,40.05,-88.37,,,,9.63787078857422,213
2024-04-01,38.89,-86.57,,,,11.35007095336914,229
2024-04-01,37.25,-86.23,,,,0.0,231
2024-04-01,38.09,-84.75,,,,0.0,258
2024-04-02,40.05,-88.37,,,,38.55148315429688,213
2024-04-02,38.89,-86.57,,,,45.40028381347656,229
2024-04-02,37.25,-86.23,,,,19.780670166015625,231
2024-04-02,38.09,-84.75,,,,28.61531448364257,258
2024-04-03,40.05,-88.37,,,,0.0,213
2024-04-03,38.89,-86.57,,,,0.0,229
2024-04-03,37.25,-86.23,,,,0.0,231
2024-04-03,38.09,-84.75,,,,14.307657241821287,258
2024-04-04,40.05,-88.37,,,,0.0,213
2024-04-04,38.89,-86.57,,,,0.0,229
2024-04-04,37.25,-86.23,-13.776053690852436,-11.50923581152459,43.966400146484375,0.0,231
2024-04-04,38.09,-84.75,,,,0.0,258
2024-04-05,40.05,-88.37,,,,0.0,213
2024-04-05,38.89,-86.57,,,,0.0,229
2024-04-05,37.25,-86.23,,,,0.0,231
2024-04-05,38.09,-84.75,,,,0.0,258
2024-04-06,40.05,-88.37,,,,0.0,213
2024-04-06,38.89,-86.57,,,,0.0,229
2024-04-06,37.25,-86.23,,,,0.0,231
2024-04-06,38.09,-84.75,-8.767743020876134,-16.677408452503695,30.45649147033692,0.0,258
2024-04-07,40.05,-88.37,,,,0.0,213
2024-04-07,38.89,-86.57,,,,0.0,229
2024-04-07,37.25,-86.23,,,,0.0,231
2024-04-07,38.09,-84.75,,,,0.0,258
2024-04-08,40.05,-88.37,,,,0.0,213
2024-04-08,38.89,-86.57,,,,0.0,229
2024-04-08,37.25,-86.23,,,,0.0,231
2024-04-08,38.09,-84.75,,,,0.0,258
2024-04-09,40.05,-88.37,,,,0.0,213
2024-04-09,38.89,-86.57,,,,29.01416206359864,229
2024-04-09,37.25,-86.23,,,,16.769548416137695,231
2024-04-09,38.09,-84.75,,,,8.410099029541016,258
2024-04-10,40.05,-88.37,,,,0.0,213
2024-04-10,38.89,-86.57,,,,0.0,229
2024-04-10,37.25,-86.23,,,,8.384774208068848,231
2024-04-10,38.09,-84.75,,,,8.410099029541016,258
2024-04-11,40.05,-88.37,,,,7.692734718322754,213
2024-04-11,38.89,-86.57,,,33.136680603027344,16.33135986328125,229
2024-04-11,37.25,-86.23,-9.191783493011178,-16.28156129566394,33.17548370361328,15.210410118103027,231
2024-04-11,38.09,-84.75,-10.063964367375334,-18.195829789996218,41.97550582885742,31.662309646606445,258
2024-04-12,40.05,-88.37,,,,6.351453304290772,213
2024-04-12,38.89,-86.57,,,,1.9538780450820925,229
2024-04-12,37.25,-86.23,,,,1.857115626335144,231
2024-04-12,38.09,-84.75,,,,6.425050258636475,258
2024-04-13,40.05,-88.37,,,,0.0109473532065749,213
2024-04-13,38.89,-86.57,,,,0.1411173939704895,229
2024-04-13,37.25,-86.23,,,,0.1608119308948516,231
2024-04-13,38.09,-84.75,,,,1.23841392993927,258
2024-04-14,40.05,-88.37,,,,0.0,213
2024-04-14,38.89,-86.57,,,,0.0,229
2024-04-14,37.25,-86.23,,,,1.8816457441062084e-06,231
2024-04-14,38.09,-84.75,,,,4.139702468819451e-06,258
2024-04-15,40.05,-88.37,,,,0.0133076822385191,213
2024-04-15,38.89,-86.57,,,,0.4149627685546875,229
2024-04-15,37.25,-86.23,,,,0.929564893245697,231
2024-04-15,38.09,-84.75,,,,2.9942216873168945,258
2024-04-16,40.05,-88.37,,,,5.880430221557617,213
2024-04-16,38.89,-86.57,,,,8.700384140014648,229
2024-04-16,37.25,-86.23,-10.561206273644716,-13.764296863395366,43.96467971801758,4.690153121948242,231
2024-04-16,38.09,-84.75,,,,7.494189739227295,258
2024-04-17,40.05,-88.37,,,,0.0,213
2024-04-17,38.89,-86.57,,,,8.700384140014648,229
2024-04-17,37.25,-86.23,,,,9.380306243896484,231
2024-04-17,38.09,-84.75,,,,7.494189739227295,258
2024-04-18,40.05,-88.37,,,,0.0,213
2024-04-18,38.89,-86.57,,,,0.0,229
2024-04-18,37.25,-86.23,,,,0.0,231
2024-04-18,38.09,-84.75,-13.85865848604774,-26.27861151435606,30.45579719543457,0.0,258
2024-04-19,40.05,-88.37,,,,11.760860443115234,213
2024-04-19,38.89,-86.57,,,,8.700384140014648,229
2024-04-19,37.25,-86.23,,,,9.380306243896484,231
2024-04-19,38.09,-84.75,,,,7.494189739227295,258
2024-04-20,40.05,-88.37,,,,0.0,213
2024-04-20,38.89,-86.57,,,,0.0,229
2024-04-20,37.25,-86.23,,,,0.0,231
2024-04-20,38.09,-84.75,,,,0.0,258
2024-04-21,40.05,-88.37,,,,0.0,213
2024-04-21,38.89,-86.57,,,,0.0,229
2024-04-21,37.25,-86.23,,,,0.0,231
2024-04-21,38.09,-84.75,,,,3.4512321949005127,258
2024-04-22,40.05,-88.37,,,,0.0,213
2024-04-22,38.89,-86.57,,,,0.0,229
2024-04-22,37.25,-86.23,,,,0.0,231
2024-04-22,38.09,-84.75,,,,0.0,258
2024-04-23,40.05,-88.37,,,,15.847244262695312,213
2024-04-23,38.89,-86.57,,,33.13601303100586,6.159543037414551,229
2024-04-23,37.25,-86.23,-8.670438455371752,-17.65390276098711,33.1749153137207,0.0,231
2024-04-23,38.09,-84.75,-10.933105709157324,-17.459051226927407,41.97496795654297,0.0,258
2024-04-24,40.05,-88.37,,,,0.0,213
2024-04-24,38.89,-86.57,,,,2.694799900054932,229
2024-04-24,37.25,-86.23,,,,0.0,231
2024-04-24,38.09,-84.75,,,,3.4512321949005127,258
2024-04-25,40.05,-88.37,,,,0.0,213
2024-04-25,38.89,-86.57,,,,0.0,229
2024-04-25,37.25,-86.23,,,,0.0,231
2024-04-25,38.09,-84.75,,,,0.0,258
2024-04-26,40.05,-88.37,,,,13.404858589172363,213
2024-04-26,38.89,-86.57,,,,0.0,229
2024-04-26,37.25,-86.23,,,,18.323631286621094,231
2024-04-26,38.09,-84.75,,,,0.0,258
2024-04-27,40.05,-88.37,,,,0.0,213
2024-04-27,38.89,-86.57,,,,0.0,229
2024-04-27,37.25,-86.23,,,,9.161815643310549,231
2024-04-27,38.09,-84.75,,,,0.0,258
2024-04-28,40.05,-88.37,,,,20.107288360595703,213
2024-04-28,38.89,-86.57,,,,0.0,229
2024-04-28,37.25,-86.23,-8.367279036592594,-18.127749591438583,43.96522903442383,0.0,231
2024-04-28,38.09,-84.75,,,,0.0,258
2024-04-29,40.05,-88.37,,,,20.107288360595703,213
2024-04-29,38.89,-86.57,,,,0.0,229
2024-04-29,37.25,-86.23,,,,0.0,231
2024-04-29,38.09,-84.75,,,,0.0,258
2024-04-30,40.05,-88.37,,,,0.0,213
2024-04-30,38.89,-86.57,,,,30.19709014892578,229
2024-04-30,37.25,-86.23,,,,18.323631286621094,231
2024-04-30,38.09,-84.75,-11.534304329581037,-18.888765168834865,30.455739974975582,18.946840286254883,258
2024-05-01,40.05,-88.37,,,,0.0,213
2024-05-01,38.89,-86.57,,,,0.0,229
2024-05-01,37.25,-86.23,,,,0.0,231
2024-05-01,38.09,-84.75,,,,0.0,258
2024-05-02,40.05,-88.37,,,,0.0,213
2024-05-02,38.89,-86.57,,,,0.0,229
2024-05-02,37.25,-86.23,,,,0.0,231
2024-05-02,38.09,-84.75,,,,0.0,258
2024-05-03,40.05,-88.37,,,,8.017377853393555,213
2024-05-03,38.89,-86.57,,,,0.0,229
2024-05-03,37.25,-86.23,,,,30.61635398864746,231
2024-05-03,38.09,-84.75,,,,0.0,258
2024-05-04,40.05,-88.37,,,,0.0,213
2024-05-04,38.89,-86.57,,,,0.0,229
2024-05-04,37.25,-86.23,,,,0.0,231
2024-05-04,38.09,-84.75,,,,10.72930145263672,258
2024-05-05,40.05,-88.37,,,,8.017377853393555,213
2024-05-05,38.89,-86.57,,,33.13553237915039,0.0,229
2024-05-05,37.25,-86.23,-11.010344942179945,-16.383725532096804,33.17438125610352,0.0,231
2024-05-05,38.09,-84.75,-12.983643280516077,-16.001763414722692,41.97450637817383,0.0,258
2024-05-06,40.05,-88.37,,,,0.0,213
2024-05-06,38.89,-86.57,,,,5.061403274536133,229
2024-05-06,37.25,-86.23,,,,8.29051399230957,231
2024-05-06,38.09,-84.75,,,,14.818231582641602,258
2024-05-07,40.05,-88.37,,,,4.702911853790283,213
2024-05-07,38.89,-86.57,,,,5.061403274536133,229
2024-05-07,37.25,-86.23,,,,8.29051399230957,231
2024-05-07,38.09,-84.75,,,,14.818231582641602,258
2024-05-08,40.05,-88.37,,,,4.702911853790283,213
2024-05-08,38.89,-86.57,,,,15.184208869934082,229
2024-05-08,37.25,-86.23,,,,24.871543884277344,231
2024-05-08,38.09,-84.75,,,,14.818231582641602,258
2024-05-09,40.05,-88.37,,,,7.054368019104004,213
2024-05-09,38.89,-86.57,,,,20.24561309814453,229
2024-05-09,37.25,-86.23,,,,41.45257186889648,231
2024-05-09,38.09,-84.75,,,,22.22734642028809,258
2024-05-10,40.05,-88.37,,,,0.0,213
2024-05-10,38.89,-86.57,,,,0.0,229
2024-05-10,37.25,-86.23,,,,0.0,231
2024-05-10,38.09,-84.75,,,,0.0,258
2024-05-11,40.05,-88.37,,,,0.0,213
2024-05-11,38.89,-86.57,,,,0.0,229
2024-05-11,37.25,-86.23,,,,0.0,231
2024-05-11,38.09,-84.75,,,,0.0,258
2024-05-12,40.05,-88.37,,,,0.0,213
2024-05-12,38.89,-86.57,,,,0.0,229
2024-05-12,37.25,-86.23,,,,0.0,231
2024-05-12,38.09,-84.75,-12.86405139319845,-15.313647619832144,30.458126068115234,0.0,258
2024-05-13,40.05,-88.37,,,,0.0,213
2024-05-13,38.89,-86.57,,,,0.0,229
2024-05-13,37.25,-86.23,,,,0.0,231
2024-05-13,38.09,-84.75,,,,0.0,258
2024-05-14,40.05,-88.37,,,,6.962000370025635,213
2024-05-14,38.89,-86.57,,,,15.784554481506348,229
2024-05-14,37.25,-86.23,,,,12.49207878112793,231
2024-05-14,38.09,-84.75,,,,0.0,258
2024-05-15,40.05,-88.37,,,,0.0,213
2024-05-15,38.89,-86.57,,,,15.784554481506348,229
2024-05-15,37.25,-86.23,,,,0.0,231
2024-05-15,38.09,-84.75,,,,0.0,258
2024-05-16,40.05,-88.37,,,,8.225924491882324,213
2024-05-16,38.89,-86.57,,,,0.2570846080780029,229
2024-05-16,37.25,-86.23,,,,0.7076845765113831,231
2024-05-16,38.09,-84.75,,,,0.8796243071556091,258
2024-05-17,40.05,-88.37,,,,7.919157028198242,213
2024-05-17,38.89,-86.57,,,33.134037017822266,17.819992065429688,229
2024-05-17,37.25,-86.23,-7.042094089513896,-14.7161251395012,33.17286682128906,10.192496299743652,231
2024-05-17,38.09,-84.75,-12.422859743128951,-18.862494261924155,41.97316360473633,9.375154495239258,258
2024-05-18,40.05,-88.37,,,,0.1680396348237991,213
2024-05-18,38.89,-86.57,,,,0.1859426945447921,229
2024-05-18,37.25,-86.23,,,,0.5301238894462585,231
2024-05-18,38.09,-84.75,,,,0.9184484481811525,258
2024-05-19,40.05,-88.37,,,,1.775334119796753,213
2024-05-19,38.89,-86.57,,,,0.0,229
2024-05-19,37.25,-86.23,,,,0.0,231
2024-05-19,38.09,-84.75,,,,0.0011402306845411,258
2024-05-20,40.05,-88.37,,,,1.1027848720550537,213
2024-05-20,38.89,-86.57,,,,0.0020848172716796,229
2024-05-20,37.25,-86.23,,,,0.0,231
2024-05-20,38.09,-84.75,,,,0.0,258
2024-05-21,40.05,-88.37,,,,0.0,213
2024-05-21,38.89,-86.57,,,,0.0,229
2024-05-21,37.25,-86.23,,,,0.0,231
2024-05-21,38.09,-84.75,,,,0.0,258
2024-05-22,40.05,-88.37,,,,13.382579803466797,213
2024-05-22,38.89,-86.57,,,,0.0,229
2024-05-22,37.25,-86.23,-8.588097555456072,-13.81258036521763,43.96306228637695,9.415457725524902,231
2024-05-22,38.09,-84.75,,,,0.0,258
2024-05-23,40.05,-88.37,,,,0.0,213
2024-05-23,38.89,-86.57,,,,6.138514995574951,229
2024-05-23,37.25,-86.23,,,,18.830915451049805,231
2024-05-23,38.09,-84.75,,,,19.51642799377441,258
2024-05-24,40.05,-88.37,,,,26.7651596069336,213
2024-05-24,38.89,-86.57,,,,0.0,229
2024-05-24,37.25,-86.23,,,,9.415457725524902,231
2024-05-24,38.09,-84.75,,,,9.758213996887209,258
2024-05-25,40.05,-88.37,,,,13.382579803466797,213
2024-05-25,38.89,-86.57,,,,6.138514995574951,229
2024-05-25,37.25,-86.23,,,,18.830915451049805,231
2024-05-25,38.09,-84.75,,,,19.51642799377441,258
2024-05-26,40.05,-88.37,,,,14.471534729003906,213
2024-05-26,38.89,-86.57,,,,42.87770462036133,229
2024-05-26,37.25,-86.23,,,,29.21812438964844,231
2024-05-26,38.09,-84.75,,,,20.604835510253903,258
2024-05-27,40.05,-88.37,,,,9.647689819335938,213
2024-05-27,38.89,-86.57,,,,14.292569160461426,229
2024-05-27,37.25,-86.23,,,,19.478748321533203,231
2024-05-27,38.09,-84.75,,,,20.604835510253903,258
2024-05-28,40.05,-88.37,,,,0.0,213
2024-05-28,38.89,-86.57,,,,0.0,229
2024-05-28,37.25,-86.23,,,,0.0,231
2024-05-28,38.09,-84.75,,,,0.0,258
2024-05-29,40.05,-88.37,,,,0.0,213
2024-05-29,38.89,-86.57,,,33.136558532714844,0.0,229
2024-05-29,37.25,-86.23,-13.542711441652491,-14.877840480813374,33.17539596557617,0.0,231
2024-05-29,38.09,-84.75,-11.205109228583748,-18.33759742591145,41.97541809082031,0.0,258
2024-05-30,40.05,-88.37,,,,0.0,213
2024-05-30,38.89,-86.57,,,,0.0,229
2024-05-30,37.25,-86.23,,,,0.0,231
2024-05-30,38.09,-84.75,,,,0.0,258
2024-05-31,40.05,-88.37,,,,0.0,213
2024-05-31,38.89,-86.57,,,,0.0,229
2024-05-31,37.25,-86.23,,,,9.739374160766602,231
2024-05-31,38.09,-84.75,,,,0.0,258
2024-06-01,40.05,-88.37,,,,3.318803548812866,213
2024-06-01,38.89,-86.57,,,,0.0,229
2024-06-01,37.25,-86.23,,,,0.0,231
2024-06-01,38.09,-84.75,,,,40.782222747802734,258
2024-06-02,40.05,-88.37,,,,0.0,213
2024-06-02,38.89,-86.57,,,,0.0,229
2024-06-02,37.25,-86.23,,,,0.0,231
2024-06-02,38.09,-84.75,,,,0.0,258
2024-06-03,40.05,-88.37,,,,0.0,213
2024-06-03,38.89,-86.57,,,,0.0,229
2024-06-03,37.25,-86.23,,,,0.0,231
2024-06-03,38.09,-84.75,,,,0.0,258
2024-06-04,40.05,-88.37,,,,6.637607097625732,213
2024-06-04,38.89,-86.57,,,,0.0,229
2024-06-04,37.25,-86.23,,,,0.0,231
2024-06-04,38.09,-84.75,,,,0.0,258
2024-06-05,40.05,-88.37,,,,6.637607097625732,213
2024-06-05,38.89,-86.57,,,,0.0,229
2024-06-05,37.25,-86.23,,,,0.0,231
2024-06-05,38.09,-84.75,,,,0.0,258
2024-06-06,40.05,-88.37,,,,0.0,213
2024-06-06,38.89,-86.57,,,,0.0,229
2024-06-06,37.25,-86.23,,,,0.0,231
2024-06-06,38.09,-84.75,,,,0.0,258
2024-06-07,40.05,-88.37,,,,0.0,213
2024-06-07,38.89,-86.57,,,,0.0,229
2024-06-07,37.25,-86.23,,,,0.0,231
2024-06-07,38.09,-84.75,,,,0.0,258
2024-06-08,40.05,-88.37,,,,11.452485084533691,213
2024-06-08,38.89,-86.57,,,,0.0,229
2024-06-08,37.25,-86.23,,,,0.0,231
2024-06-08,38.09,-84.75,,,,0.0,258
2024-06-09,40.05,-88.37,,,,0.0,213
2024-06-09,38.89,-86.57,,,,0.0,229
2024-06-09,37.25,-86.23,,,,38.39860916137695,231
2024-06-09,38.09,-84.75,,,,0.0,258
2024-06-10,40.05,-88.37,,,,0.0,213
2024-06-10,38.89,-86.57,,,33.136192321777344,0.0,229
2024-06-10,37.25,-86.23,-10.795790236880842,-16.537124467088834,33.175025939941406,0.0,231
2024-06-10,38.09,-84.75,-11.107965466909812,-17.6372241356211,41.97509002685547,0.0,258
2024-06-11,40.05,-88.37,,,,1.0673876431610552e-06,213
2024-06-11,38.89,-86.57,,,,0.0125843398272991,229
2024-06-11,37.25,-86.23,,,,0.2040917724370956,231
2024-06-11,38.09,-84.75,,,,0.0,258
2024-06-12,40.05,-88.37,,,,0.0,213
2024-06-12,38.89,-86.57,,,,5.038098151999293e-06,229
2024-06-12,37.25,-86.23,,,,1.8228315114974976,231
2024-06-12,38.09,-84.75,,,,0.0,258
2024-06-13,40.05,-88.37,,,,0.4265722334384918,213
2024-06-13,38.89,-86.57,,,,6.674127507722005e-05,229
2024-06-13,37.25,-86.23,,,,3.729397773742676,231
2024-06-13,38.09,-84.75,,,,0.0,258
2024-06-14,40.05,-88.37,,,,9.365882873535156,213
2024-06-14,38.89,-86.57,,,,4.44960355758667,229
2024-06-14,37.25,-86.23,,,,0.0,231
2024-06-14,38.09,-84.75,,,,8.13528060913086,258
2024-06-15,40.05,-88.37,,,,0.0,213
2024-06-15,38.89,-86.57,,,,0.0,229
2024-06-15,37.25,-86.23,,,,0.0,231
2024-06-15,38.09,-84.75,,,,0.0,258
2024-06-16,40.05,-88.37,,,,0.0,213
2024-06-16,38.89,-86.57,,,,0.0,229
2024-06-16,37.25,-86.23,,,,0.0,231
2024-06-16,38.09,-84.75,,,,0.0,258
2024-06-17,40.05,-88.37,,,,0.0,213
2024-06-17,38.89,-86.57,,,,0.0,229
2024-06-17,37.25,-86.23,,,,9.745793342590332,231
2024-06-17,38.09,-84.75,,,,0.0,258
2024-06-18,40.05,-88.37,,,,0.0,213
2024-06-18,38.89,-86.57,,,,5.068057537078857,229
2024-06-18,37.25,-86.23,,,,0.0,231
2024-06-18,38.09,-84.75,,,,0.0,258
2024-06-19,40.05,-88.37,,,,0.0,213
2024-06-19,38.89,-86.57,,,,5.068057537078857,229
2024-06-19,37.25,-86.23,,,,9.745793342590332,231
2024-06-19,38.09,-84.75,,,,8.407281875610352,258
2024-06-20,40.05,-88.37,,,,0.0,213
2024-06-20,38.89,-86.57,,,,0.0,229
2024-06-20,37.25,-86.23,,,,0.0,231
2024-06-20,38.09,-84.75,,,,0.0,258
2024-06-21,40.05,-88.37,,,,0.0,213
2024-06-21,38.89,-86.57,,,,0.0,229
2024-06-21,37.25,-86.23,,,,0.0,231
2024-06-21,38.09,-84.75,,,,0.0,258
2024-06-22,40.05,-88.37,,,,0.0,213
2024-06-22,38.89,-86.57,,,33.13658142089844,0.0,229
2024-06-22,37.25,-86.23,-9.073187382322326,-12.72278734355909,33.17542266845703,0.0,231
2024-06-22,38.09,-84.75,-15.057203098967976,-16.514597508068828,41.97544097900391,0.0,258
2024-06-23,40.05,-88.37,,,,0.0,213
2024-06-23,38.89,-86.57,,,,0.0,229
2024-06-23,37.25,-86.23,,,,10.891963005065918,231
2024-06-23,38.09,-84.75,,,,0.0,258
2024-06-24,40.05,-88.37,,,,0.0,213
2024-06-24,38.89,-86.57,,,,0.0,229
2024-06-24,37.25,-86.23,,,,0.0,231
2024-06-24,38.09,-84.75,,,,0.0,258
2024-06-25,40.05,-88.37,,,,12.08957290649414,213
2024-06-25,38.89,-86.57,,,,19.44268035888672,229
2024-06-25,37.25,-86.23,,,,0.0,231
2024-06-25,38.09,-84.75,,,,0.0,258
2024-06-26,40.05,-88.37,,,,5.699561595916748,213
2024-06-26,38.89,-86.57,,,,14.662154197692873,229
2024-06-26,37.25,-86.23,,,,0.0,231
2024-06-26,38.09,-84.75,,,,0.0,258
2024-06-27,40.05,-88.37,,,,0.0,213
2024-06-27,38.89,-86.57,,,,0.0,229
2024-06-27,37.25,-86.23,,,,0.0,231
2024-06-27,38.09,-84.75,,,,0.0,258
2024-06-28,40.05,-88.37,,,,0.0,213
2024-06-28,38.89,-86.57,,,,0.0,229
2024-06-28,37.25,-86.23,,,,0.0,231
2024-06-28,38.09,-84.75,,,,0.0,258
2024-06-29,40.05,-88.37,,,,0.0,213
2024-06-29,38.89,-86.57,,,,0.0,229
2024-06-29,37.25,-86.23,,,,0.0,231
2024-06-29,38.09,-84.75,-15.29298201756746,-22.206634527034733,30.452787399291992,0.0,258
2024-06-30,40.05,-88.37,,,,0.0,213
2024-06-30,38.89,-86.57,,,,0.0,229
2024-06-30,37.25,-86.23,,,,0.0,231
2024-06-30,38.09,-84.75,,,,0.0,258
2024-07-01,40.05,-88.37,,,,0.0,213
2024-07-01,38.89,-86.57,,,,0.0,229
2024-07-01,37.25,-86.23,,,,0.0,231
2024-07-01,38.09,-84.75,,,,0.0,258
2024-07-02,40.05,-88.37,,,,0.0,213
2024-07-02,38.89,-86.57,,,,0.0,229
2024-07-02,37.25,-86.23,,,,0.0,231
2024-07-02,38.09,-84.75,,,,0.0,258
2024-07-03,40.05,-88.37,,,,24.9216365814209,213
2024-07-03,38.89,-86.57,,,,0.0,229
2024-07-03,37.25,-86.23,,,,0.0,231
2024-07-03,38.09,-84.75,,,,0.0,258
2024-07-04,40.05,-88.37,,,,12.46081829071045,213
2024-07-04,38.89,-86.57,,,33.1310920715332,41.4251823425293,229
2024-07-04,37.25,-86.23,-10.448031147598847,-15.283992538617564,33.169921875,22.84447860717773,231
2024-07-04,38.09,-84.75,-8.717226821762946,-16.95673360374861,41.97054290771485,12.069292068481444,258
2024-07-05,40.05,-88.37,,,,12.46081829071045,213
2024-07-05,38.89,-86.57,,,,10.356295585632324,229
2024-07-05,37.25,-86.23,,,,34.26671600341797,231
2024-07-05,38.09,-84.75,,,,8.046195030212402,258
2024-07-06,40.05,-88.37,,,,0.0,213
2024-07-06,38.89,-86.57,,,,0.0,229
2024-07-06,37.25,-86.23,,,,0.0,231
2024-07-06,38.09,-84.75,,,,0.0,258
2024-07-07,40.05,-88.37,,,,0.0,213
2024-07-07,38.89,-86.57,,,,0.0,229
2024-07-07,37.25,-86.23,,,,0.0,231
2024-07-07,38.09,-84.75,,,,0.0,258
2024-07-08,40.05,-88.37,,,,0.0,213
2024-07-08,38.89,-86.57,,,,0.0,229
2024-07-08,37.25,-86.23,,,,0.0,231
2024-07-08,38.09,-84.75,,,,0.0,258
2024-07-09,40.05,-88.37,,,,0.0,213
2024-07-09,38.89,-86.57,,,,0.0,229
2024-07-09,37.25,-86.23,-13.237486238162624,-15.20360462683949,43.96171188354492,0.0,231
2024-07-09,38.09,-84.75,,,,0.0,258
2024-07-10,40.05,-88.37,,,,0.0,213
2024-07-10,38.89,-86.57,,,,0.0,229
2024-07-10,37.25,-86.23,,,,0.0,231
2024-07-10,38.09,-84.75,,,,0.0,258
2024-07-11,40.05,-88.37,,,,0.0,213
2024-07-11,38.89,-86.57,,,,0.0,229
2024-07-11,37.25,-86.23,,,,0.0,231
2024-07-11,38.09,-84.75,,,,0.0,258
2024-07-12,40.05,-88.37,,,,0.0,213
2024-07-12,38.89,-86.57,,,,0.0,229
2024-07-12,37.25,-86.23,,,,0.0,231
2024-07-12,38.09,-84.75,,,,0.0,258
2024-07-13,40.05,-88.37,,,,0.0,213
2024-07-13,38.89,-86.57,,,,0.0,229
2024-07-13,37.25,-86.23,,,,0.0,231
2024-07-13,38.09,-84.75,,,,0.0,258
2024-07-14,40.05,-88.37,,,,0.0,213
2024-07-14,38.89,-86.57,,,,0.0,229
2024-07-14,37.25,-86.23,,,,0.0,231
2024-07-14,38.09,-84.75,,,,0.0,258
2024-07-15,40.05,-88.37,,,,28.048152923583984,213
2024-07-15,38.89,-86.57,,,,0.0,229
2024-07-15,37.25,-86.23,,,,0.0,231
2024-07-15,38.09,-84.75,,,,0.0,258
2024-07-16,40.05,-88.37,,,,38.91363525390625,213
2024-07-16,38.89,-86.57,,,33.13203811645508,7.0941081047058105,229
2024-07-16,37.25,-86.23,-8.929654832661697,-17.322786682626525,33.170799255371094,0.0,231
2024-07-16,38.09,-84.75,-6.825541890032207,-13.737196391597736,41.97134399414063,0.0,258
2024-07-17,40.05,-88.37,,,,0.0,213
2024-07-17,38.89,-86.57,,,,14.18821620941162,229
2024-07-17,37.25,-86.23,,,,52.194637298583984,231
2024-07-17,38.09,-84.75,,,,22.21394729614257,258
2024-07-18,40.05,-88.37,,,,0.0,213
2024-07-18,38.89,-86.57,,,,0.0,229
2024-07-18,37.25,-86.23,,,,0.0,231
2024-07-18,38.09,-84.75,,,,0.0,258
2024-07-19,40.05,-88.37,,,,0.0,213
2024-07-19,38.89,-86.57,,,,0.0,229
2024-07-19,37.25,-86.23,,,,0.0,231
2024-07-19,38.09,-84.75,,,,0.0,258
2024-07-20,40.05,-88.37,,,,0.0,213
2024-07-20,38.89,-86.57,,,,0.0,229
2024-07-20,37.25,-86.23,,,,0.0,231
2024-07-20,38.09,-84.75,,,,0.0,258
2024-07-21,40.05,-88.37,,,,0.0,213
2024-07-21,38.89,-86.57,,,,0.0,229
2024-07-21,37.25,-86.23,-10.988418874980873,-14.558785210534896,43.96226119995117,0.0,231
2024-07-21,38.09,-84.75,,,,0.0,258
2024-07-22,40.05,-88.37,,,,0.0,213
2024-07-22,38.89,-86.57,,,,0.0,229
2024-07-22,37.25,-86.23,,,,0.0,231
2024-07-22,38.09,-84.75,,,,24.67852020263672,258
2024-07-23,40.05,-88.37,,,,0.0,213
2024-07-23,38.89,-86.57,,,,0.0,229
2024-07-23,37.25,-86.23,,,,0.0,231
2024-07-23,38.09,-84.75,,,,0.0,258
2024-07-24,40.05,-88.37,,,,0.0,213
2024-07-24,38.89,-86.57,,,,0.0,229
2024-07-24,37.25,-86.23,,,,0.0,231
2024-07-24,38.09,-84.75,,,,0.0,258
2024-07-25,40.05,-88.37,,,,0.0,213
2024-07-25,38.89,-86.57,,,,0.0,229
2024-07-25,37.25,-86.23,,,,0.0,231
2024-07-25,38.09,-84.75,,,,0.0,258
2024-07-26,40.05,-88.37,,,,0.0,213
2024-07-26,38.89,-86.57,,,,0.0,229
2024-07-26,37.25,-86.23,,,,17.470619201660156,231
2024-07-26,38.09,-84.75,,,,0.0,258
2024-07-27,40.05,-88.37,,,,0.0,213
2024-07-27,38.89,-86.57,,,,0.0,229
2024-07-27,37.25,-86.23,,,,0.0,231
2024-07-27,38.09,-84.75,,,,0.0,258
2024-07-28,40.05,-88.37,,,,20.80674743652344,213
2024-07-28,38.89,-86.57,,,33.13270950317383,27.07221984863281,229
2024-07-28,37.25,-86.23,-7.050835063365407,-18.87916252503712,33.17151641845703,34.94123840332031,231
2024-07-28,38.09,-84.75,-12.904157844487385,-17.565332860636612,41.97196960449219,33.8677864074707,258
2024-07-29,40.05,-88.37,,,,10.40337371826172,213
2024-07-29,38.89,-86.57,,,,0.0,229
2024-07-29,37.25,-86.23,,,,0.0,231
2024-07-29,38.09,-84.75,,,,0.0,258
2024-07-30,40.05,-88.37,,,,0.0,213
2024-07-30,38.89,-86.57,,,,0.0,229
2024-07-30,37.25,-86.23,,,,17.470619201660156,231
2024-07-30,38.09,-84.75,,,,0.0,258
2024-07-31,40.05,-88.37,,,,10.40337371826172,213
2024-07-31,38.89,-86.57,,,,27.07221984863281,229
2024-07-31,37.25,-86.23,,,,0.0,231
2024-07-31,38.09,-84.75,,,,16.93389320373535,258
2024-08-01,40.05,-88.37,,,,26.900054931640625,213
2024-08-01,38.89,-86.57,,,,22.67410659790039,229
2024-08-01,37.25,-86.23,,,,10.361946105957031,231
2024-08-01,38.09,-84.75,,,,0.0,258
2024-08-02,40.05,-88.37,,,,0.0,213
2024-08-02,38.89,-86.57,,,,22.67410659790039,229
2024-08-02,37.25,-86.23,-8.337021306860612,-16.547561825552574,43.96245956420898,31.085838317871094,231
2024-08-02,38.09,-84.75,,,,61.77645111083984,258
2024-08-03,40.05,-88.37,,,,0.0,213
2024-08-03,38.89,-86.57,,,,0.0,229
2024-08-03,37.25,-86.23,,,,0.0,231
2024-08-03,38.09,-84.75,,,,0.0,258
2024-08-04,40.05,-88.37,,,,0.0,213
2024-08-04,38.89,-86.57,,,,0.0,229
2024-08-04,37.25,-86.23,,,,0.0,231
2024-08-04,38.09,-84.75,-14.172115892993885,-15.118287324831144,30.45229721069336,0.0,258
2024-08-05,40.05,-88.37,,,,0.0,213
2024-08-05,38.89,-86.57,,,,0.0,229
2024-08-05,37.25,-86.23,,,,0.0,231
2024-08-05,38.09,-84.75,,,,0.0,258
2024-08-06,40.05,-88.37,,,,0.0,213
2024-08-06,38.89,-86.57,,,,0.0,229
2024-08-06,37.25,-86.23,,,,0.0,231
2024-08-06,38.09,-84.75,,,,0.0,258
2024-08-07,40.05,-88.37,,,,0.0,213
2024-08-07,38.89,-86.57,,,,0.0,229
2024-08-07,37.25,-86.23,,,,0.0,231
2024-08-07,38.09,-84.75,,,,0.0,258
2024-08-08,40.05,-88.37,,,,0.0,213
2024-08-08,38.89,-86.57,,,,0.0,229
2024-08-08,37.25,-86.23,,,,0.0,231
2024-08-08,38.09,-84.75,,,,0.0,258
2024-08-09,40.05,-88.37,,,,0.0,213
2024-08-09,38.89,-86.57,,,33.13168716430664,0.0,229
2024-08-09,37.25,-86.23,-11.148530118175444,-17.467035152816564,33.1704216003418,0.0,231
2024-08-09,38.09,-84.75,-12.32747436697188,-16.204932351633296,41.97101593017578,0.0,258
2024-08-10,40.05,-88.37,,,,0.0,213
2024-08-10,38.89,-86.57,,,,0.0,229
2024-08-10,37.25,-86.23,,,,0.0,231
2024-08-10,38.09,-84.75,,,,0.0,258
2024-08-11,40.05,-88.37,,,,0.0,213
2024-08-11,38.89,-86.57,,,,0.0,229
2024-08-11,37.25,-86.23,,,,0.0,231
2024-08-11,38.09,-84.75,,,,0.0,258
2024-08-12,40.05,-88.37,,,,0.0,213
2024-08-12,38.89,-86.57,,,,0.0,229
2024-08-12,37.25,-86.23,,,,0.0,231
2024-08-12,38.09,-84.75,,,,0.0,258
2024-08-13,40.05,-88.37,,,,0.0,213
2024-08-13,38.89,-86.57,,,,0.0,229
2024-08-13,37.25,-86.23,,,,0.0,231
2024-08-13,38.09,-84.75,,,,0.0,258
2024-08-14,40.05,-88.37,,,,0.0,213
2024-08-14,38.89,-86.57,,,,0.0,229
2024-08-14,37.25,-86.23,-10.71371882320883,-15.97748918488797,43.96092224121094,0.0,231
2024-08-14,38.09,-84.75,,,,0.0,258
2024-08-15,40.05,-88.37,,,,0.0,213
2024-08-15,38.89,-86.57,,,,0.0,229
2024-08-15,37.25,-86.23,,,,0.0,231
2024-08-15,38.09,-84.75,,,,0.0,258
2024-08-16,40.05,-88.37,,,,0.0,213
2024-08-16,38.89,-86.57,,,,0.0,229
2024-08-16,37.25,-86.23,,,,0.0,231
2024-08-16,38.09,-84.75,-9.23250263988614,-18.27426354070702,30.451631546020508,0.0,258
2024-08-17,40.05,-88.37,,,,0.0,213
2024-08-17,38.89,-86.57,,,,0.0,229
2024-08-17,37.25,-86.23,,,,0.0,231
2024-08-17,38.09,-84.75,,,,0.0,258
2024-08-18,40.05,-88.37,,,,0.0,213
2024-08-18,38.89,-86.57,,,,0.0,229
2024-08-18,37.25,-86.23,,,,0.0,231
2024-08-18,38.09,-84.75,,,,0.0,258
2024-08-19,40.05,-88.37,,,,0.0,213
2024-08-19,38.89,-86.57,,,,0.0,229
2024-08-19,37.25,-86.23,,,,0.0,231
2024-08-19,38.09,-84.75,,,,0.0,258
2024-08-20,40.05,-88.37,,,,0.0,213
2024-08-20,38.89,-86.57,,,,0.0,229
2024-08-20,37.25,-86.23,,,,0.0,231
2024-08-20,38.09,-84.75,,,,0.0,258
2024-08-21,40.05,-88.37,,,,0.0001338210277026,213
2024-08-21,38.89,-86.57,,,33.13125228881836,1.7880157232284546,229
2024-08-21,37.25,-86.23,-9.20110820441768,-20.920709951025025,33.17003631591797,0.1502940207719802,231
2024-08-21,38.09,-84.75,-10.207819140120847,-19.695855802872583,41.97065734863281,0.6855988502502441,258
2024-08-22,40.05,-88.37,,,,0.0001225393789354,213
2024-08-22,38.89,-86.57,,,,0.0,229
2024-08-22,37.25,-86.23,,,,0.3682151138782501,231
2024-08-22,38.09,-84.75,,,,0.0,258
2024-08-23,40.05,-88.37,,,,0.0005877476651221,213
2024-08-23,38.89,-86.57,,,,0.0,229
2024-08-23,37.25,-86.23,,,,0.1124349981546402,231
2024-08-23,38.09,-84.75,,,,1.4657222032546997,258
2024-08-24,40.05,-88.37,,,,0.0001990636519622,213
2024-08-24,38.89,-86.57,,,,0.0,229
2024-08-24,37.25,-86.23,,,,0.3164185583591461,231
2024-08-24,38.09,-84.75,,,,0.5040339827537537,258
2024-08-25,40.05,-88.37,,,,3.313969850540161,213
2024-08-25,38.89,-86.57,,,,1.7464734315872192,229
2024-08-25,37.25,-86.23,,,,0.0,231
2024-08-25,38.09,-84.75,,,,0.1038480997085571,258
2024-08-26,40.05,-88.37,,,,2.863443613052368,213
2024-08-26,38.89,-86.57,,,,0.0,229
2024-08-26,37.25,-86.23,-10.241368803435964,-15.347673993239797,43.96019744873047,9.75409989223408e-07,231
2024-08-26,38.09,-84.75,,,,1.4951976936572464e-06,258
2024-08-27,40.05,-88.37,,,,0.4943262636661529,213
2024-08-27,38.89,-86.57,,,,0.000493245490361,229
2024-08-27,37.25,-86.23,,,,0.0,231
2024-08-27,38.09,-84.75,,,,1.861047167039942e-06,258
2024-08-28,40.05,-88.37,,,,2.308042287826538,213
2024-08-28,38.89,-86.57,,,,0.0090906145051121,229
2024-08-28,37.25,-86.23,,,,4.370959914012929e-07,231
2024-08-28,38.09,-84.75,-9.014999306180606,-14.583480912191275,30.45065689086914,0.0,258
2024-08-29,40.05,-88.37,,,,0.4965452849864959,213
2024-08-29,38.89,-86.57,,,,0.0027019164990633,229
2024-08-29,37.25,-86.23,,,,2.878416296425712e-07,231
2024-08-29,38.09,-84.75,,,,0.0,258
2024-08-30,40.05,-88.37,,,,0.2970938980579376,213
2024-08-30,38.89,-86.57,,,,0.0107341231778264,229
2024-08-30,37.25,-86.23,,,,0.4390193819999695,231
2024-08-30,38.09,-84.75,,,,0.0,258
2024-08-31,40.05,-88.37,,,,63.69682312011719,213
2024-08-31,38.89,-86.57,,,,4.203033924102783,229
2024-08-31,37.25,-86.23,,,,2.852490425109864,231
2024-08-31,38.09,-84.75,,,,8.625904083251953,258
2024-09-01,40.05,-88.37,,,,0.0,213
2024-09-01,38.89,-86.57,,,,0.0,229
2024-09-01,37.25,-86.23,,,,23.72018814086914,231
2024-09-01,38.09,-84.75,,,,0.0,258
2024-09-02,40.05,-88.37,,,,0.0,213
2024-09-02,38.89,-86.57,,,33.128021240234375,0.0,229
2024-09-02,37.25,-86.23,-11.76558259945714,-12.992299580651675,33.16677474975586,0.0,231
2024-09-02,38.09,-84.75,-15.49925040663835,-16.905479780823732,41.9677619934082,0.0,258
2024-09-03,40.05,-88.37,,,,0.0,213
2024-09-03,38.89,-86.57,,,,0.0,229
2024-09-03,37.25,-86.23,,,,0.0,231
2024-09-03,38.09,-84.75,,,,0.0,258
2024-09-04,40.05,-88.37,,,,0.0,213
2024-09-04,38.89,-86.57,,,,0.0,229
2024-09-04,37.25,-86.23,,,,0.0,231
2024-09-04,38.09,-84.75,,,,0.0,258
2024-09-05,40.05,-88.37,,,,0.0,213
2024-09-05,38.89,-86.57,,,,0.0,229
2024-09-05,37.25,-86.23,,,,0.0,231
2024-09-05,38.09,-84.75,,,,0.0,258
2024-09-06,40.05,-88.37,,,,0.0,213
2024-09-06,38.89,-86.57,,,,0.0,229
2024-09-06,37.25,-86.23,,,,0.0,231
2024-09-06,38.09,-84.75,,,,0.0,258
2024-09-07,40.05,-88.37,,,,0.0,213
2024-09-07,38.89,-86.57,,,,0.0,229
2024-09-07,37.25,-86.23,-11.98684281662717,-17.934430496356132,43.96064376831055,0.0,231
2024-09-07,38.09,-84.75,,,,0.0,258
2024-09-08,40.05,-88.37,,,,0.0,213
2024-09-08,38.89,-86.57,,,,0.0,229
2024-09-08,37.25,-86.23,,,,0.0,231
2024-09-08,38.09,-84.75,,,,0.0,258
2024-09-09,40.05,-88.37,,,,0.0,213
2024-09-09,38.89,-86.57,,,,0.0,229
2024-09-09,37.25,-86.23,,,,0.0,231
2024-09-09,38.09,-84.75,-14.06266601781639,-21.120550772622035,30.451854705810547,0.0,258
2024-09-10,40.05,-88.37,,,,0.0,213
2024-09-10,38.89,-86.57,,,,0.0,229
2024-09-10,37.25,-86.23,,,,0.0,231
2024-09-10,38.09,-84.75,,,,0.0,258
2024-09-11,40.05,-88.37,,,,2.671640970675071e-07,213
2024-09-11,38.89,-86.57,,,,0.0,229
2024-09-11,37.25,-86.23,,,,0.0,231
2024-09-11,38.09,-84.75,,,,0.0,258
2024-09-12,40.05,-88.37,,,,9.76212504610885e-07,213
2024-09-12,38.89,-86.57,,,,0.0,229
2024-09-12,37.25,-86.23,,,,2.3227357864379883,231
2024-09-12,38.09,-84.75,,,,0.0,258
2024-09-13,40.05,-88.37,,,,2.229843616485596,213
2024-09-13,38.89,-86.57,,,,6.811371326446533,229
2024-09-13,37.25,-86.23,,,,9.282608032226562,231
2024-09-13,38.09,-84.75,,,,10.755048751831056,258
2024-09-14,40.05,-88.37,,,,0.810749351978302,213
2024-09-14,38.89,-86.57,,,33.13054275512695,1.2876845598220823,229
2024-09-14,37.25,-86.23,-9.000935373926918,-16.292651490088087,33.16940689086914,3.130436420440674,231
2024-09-14,38.09,-84.75,-12.365363714005856,-14.67856859667851,41.97006988525391,0.0121380407363176,258
2024-09-15,40.05,-88.37,,,,3.423373868827184e-07,213
2024-09-15,38.89,-86.57,,,,1.4354570510022313e-07,229
2024-09-15,37.25,-86.23,,,,0.2560052275657654,231
2024-09-15,38.09,-84.75,,,,2.11720521292591e-06,258
2024-09-16,40.05,-88.37,,,,0.0,213
2024-09-16,38.89,-86.57,,,,0.0,229
2024-09-16,37.25,-86.23,,,,0.0,231
2024-09-16,38.09,-84.75,,,,0.0,258
2024-09-17,40.05,-88.37,,,,0.0,213
2024-09-17,38.89,-86.57,,,,0.0,229
2024-09-17,37.25,-86.23,,,,0.0,231
2024-09-17,38.09,-84.75,,,,0.0,258
2024-09-18,40.05,-88.37,,,,0.0,213
2024-09-18,38.89,-86.57,,,,0.0,229
2024-09-18,37.25,-86.23,,,,0.0,231
2024-09-18,38.09,-84.75,,,,0.0,258
2024-09-19,40.05,-88.37,,,,0.0,213
2024-09-19,38.89,-86.57,,,,0.0,229
2024-09-19,37.25,-86.23,-10.48303182759084,-18.30009718286143,43.96361541748047,0.0,231
2024-09-19,38.09,-84.75,,,,0.0,258
2024-09-20,40.05,-88.37,,,,4.143837451934815,213
2024-09-20,38.89,-86.57,,,,0.0,229
2024-09-20,37.25,-86.23,,,,0.0,231
2024-09-20,38.09,-84.75,,,,0.0,258
2024-09-21,40.05,-88.37,,,,0.0,213
2024-09-21,38.89,-86.57,,,,0.0,229
2024-09-21,37.25,-86.23,,,,0.0,231
2024-09-21,38.09,-84.75,-10.307150040522746,-16.262184566421062,30.451854705810547,0.0,258
2024-09-22,40.05,-88.37,,,,0.0,213
2024-09-22,38.89,-86.57,,,,0.0,229
2024-09-22,37.25,-86.23,,,,21.92670249938965,231
2024-09-22,38.09,-84.75,,,,0.0,258
2024-09-23,40.05,-88.37,,,,19.27997398376465,213
2024-09-23,38.89,-86.57,,,,0.0,229
2024-09-23,37.25,-86.23,,,,21.92670249938965,231
2024-09-23,38.09,-84.75,,,,0.0,258
2024-09-24,40.05,-88.37,,,,12.853315353393556,213
2024-09-24,38.89,-86.57,,,,35.0688362121582,229
2024-09-24,37.25,-86.23,,,,21.92670249938965,231
2024-09-24,38.09,-84.75,,,,14.377467155456545,258
2024-09-25,40.05,-88.37,,,,0.0,213
2024-09-25,38.89,-86.57,,,,0.0,229
2024-09-25,37.25,-86.23,,,,21.92670249938965,231
2024-09-25,38.09,-84.75,,,,7.188733577728272,258
2024-09-26,40.05,-88.37,,,,0.0,213
2024-09-26,38.89,-86.57,,,33.13429641723633,0.0,229
2024-09-26,37.25,-86.23,-10.072569431288976,-15.655979654173874,33.17313003540039,0.0,231
2024-09-26,38.09,-84.75,-12.250282730454003,-16.766282743109127,41.97339630126953,35.95990753173828,258
2024-09-27,40.05,-88.37,,,,10.369185447692873,213
2024-09-27,38.89,-86.57,,,,40.81910705566406,229
2024-09-27,37.25,-86.23,,,,36.457550048828125,231
2024-09-27,38.09,-84.75,,,,71.91981506347656,258
2024-09-28,40.05,-88.37,,,,0.0,213
2024-09-28,38.89,-86.57,,,,0.0,229
2024-09-28,37.25,-86.23,,,,0.0,231
2024-09-28,38.09,-84.75,,,,0.0,258
2024-09-29,40.05,-88.37,,,,0.0,213
2024-09-29,38.89,-86.57,,,,0.0,229
2024-09-29,37.25,-86.23,,,,0.0,231
2024-09-29,38.09,-84.75,,,,0.0,258
2024-09-30,40.05,-88.37,,,,0.0,213
2024-09-30,38.89,-86.57,,,,0.0,229
2024-09-30,37.25,-86.23,,,,0.0,231
2024-09-30,38.09,-84.75,,,,0.0,258
2024-10-01,40.05,-88.37,,,,0.0,213
2024-10-01,38.89,-86.57,,,,6.573672771453857,229
2024-10-01,37.25,-86.23,-12.272110830934931,-18.278457857151786,43.96440124511719,4.986470699310303,231
2024-10-01,38.09,-84.75,,,,0.0,258
2024-10-02,40.05,-88.37,,,,0.0,213
2024-10-02,38.89,-86.57,,,,0.0,229
2024-10-02,37.25,-86.23,,,,0.0,231
2024-10-02,38.09,-84.75,,,,0.0,258
2024-10-03,40.05,-88.37,,,,0.0,213
2024-10-03,38.89,-86.57,,,,0.0,229
2024-10-03,37.25,-86.23,,,,0.0,231
2024-10-03,38.09,-84.75,-10.233683544421734,-15.027518054193408,30.45608901977539,0.0,258
2024-10-04,40.05,-88.37,,,,11.317873001098633,213
2024-10-04,38.89,-86.57,,,,0.0,229
2024-10-04,37.25,-86.23,,,,0.0,231
2024-10-04,38.09,-84.75,,,,0.0,258
2024-10-05,40.05,-88.37,,,,0.0,213
2024-10-05,38.89,-86.57,,,,0.0,229
2024-10-05,37.25,-86.23,,,,0.0,231
2024-10-05,38.09,-84.75,,,,0.0,258
2024-10-06,40.05,-88.37,,,,0.0,213
2024-10-06,38.89,-86.57,,,,0.0,229
2024-10-06,37.25,-86.23,,,,0.0,231
2024-10-06,38.09,-84.75,,,,0.0,258
2024-10-07,40.05,-88.37,,,,0.0,213
2024-10-07,38.89,-86.57,,,,0.0,229
2024-10-07,37.25,-86.23,,,,0.0,231
2024-10-07,38.09,-84.75,,,,0.0,258
2024-10-08,40.05,-88.37,,,,2.891684055328369,213
2024-10-08,38.89,-86.57,,,33.136314392089844,0.0,229
2024-10-08,37.25,-86.23,-12.693915611682272,-17.761969534691005,33.17522048950195,0.0,231
2024-10-08,38.09,-84.75,-12.090290438658522,-19.649268170083342,41.97523880004883,0.0,258
2024-10-09,40.05,-88.37,,,,0.0,213
2024-10-09,38.89,-86.57,,,,0.0,229
2024-10-09,37.25,-86.23,,,,0.0,231
2024-10-09,38.09,-84.75,,,,0.0,258
2024-10-10,40.05,-88.37,,,,0.0,213
2024-10-10,38.89,-86.57,,,,0.0,229
2024-10-10,37.25,-86.23,,,,0.0,231
2024-10-10,38.09,-84.75,,,,0.0,258
2024-10-11,40.05,-88.37,,,,0.0,213
2024-10-11,38.89,-86.57,,,,0.0,229
2024-10-11,37.25,-86.23,,,,0.0,231
2024-10-11,38.09,-84.75,,,,0.0,258
2024-10-12,40.05,-88.37,,,,0.0,213
2024-10-12,38.89,-86.57,,,,0.0,229
2024-10-12,37.25,-86.23,,,,0.0,231
2024-10-12,38.09,-84.75,,,,0.0,258
2024-10-13,40.05,-88.37,,,,0.0,213
2024-10-13,38.89,-86.57,,,,0.0,229
2024-10-13,37.25,-86.23,-13.33437884382363,-17.756198853644587,43.966217041015625,0.0,231
2024-10-13,38.09,-84.75,,,,0.0,258
2024-10-14,40.05,-88.37,,,,0.0,213
2024-10-14,38.89,-86.57,,,,0.0,229
2024-10-14,37.25,-86.23,,,,0.0,231
2024-10-14,38.09,-84.75,,,,0.0,258
2024-10-15,40.05,-88.37,,,,0.0,213
2024-10-15,38.89,-86.57,,,,0.0,229
2024-10-15,37.25,-86.23,,,,0.0,231
2024-10-15,38.09,-84.75,-11.385137864321752,-16.044809100065017,30.45475006103516,0.0,258
2024-10-16,40.05,-88.37,,,,0.0,213
2024-10-16,38.89,-86.57,,,,4.051085472106934,229
2024-10-16,37.25,-86.23,,,,0.0,231
2024-10-16,38.09,-84.75,,,,4.975706577301025,258
2024-10-17,40.05,-88.37,,,,0.0,213
2024-10-17,38.89,-86.57,,,,0.0,229
2024-10-17,37.25,-86.23,,,,0.0,231
2024-10-17,38.09,-84.75,,,,0.0,258
2024-10-18,40.05,-88.37,,,,0.0,213
2024-10-18,38.89,-86.57,,,,0.0,229
2024-10-18,37.25,-86.23,,,,0.0,231
2024-10-18,38.09,-84.75,,,,0.0,258
2024-10-19,40.05,-88.37,,,,0.0,213
2024-10-19,38.89,-86.57,,,,0.0,229
2024-10-19,37.25,-86.23,,,,0.0,231
2024-10-19,38.09,-84.75,,,,0.0,258
2024-10-20,40.05,-88.37,,,,0.0,213
2024-10-20,38.89,-86.57,,,33.13582992553711,0.0,229
2024-10-20,37.25,-86.23,-14.07351432994084,-17.124283647352463,33.174835205078125,0.0,231
2024-10-20,38.09,-84.75,-11.319349274605957,-19.51099435828065,41.9748649597168,0.0,258
2024-10-21,40.05,-88.37,,,,0.0,213
2024-10-21,38.89,-86.57,,,,0.0,229
2024-10-21,37.25,-86.23,,,,0.0,231
2024-10-21,38.09,-84.75,,,,0.0,258
2024-10-22,40.05,-88.37,,,,0.0,213
2024-10-22,38.89,-86.57,,,,0.0,229
2024-10-22,37.25,-86.23,,,,0.0,231
2024-10-22,38.09,-84.75,,,,0.0,258
2024-10-23,40.05,-88.37,,,,0.0,213
2024-10-23,38.89,-86.57,,,,0.0,229
2024-10-23,37.25,-86.23,,,,0.0,231
2024-10-23,38.09,-84.75,,,,0.0,258
2024-10-24,40.05,-88.37,,,,0.0,213
2024-10-24,38.89,-86.57,,,,0.0,229
2024-10-24,37.25,-86.23,,,,0.0,231
2024-10-24,38.09,-84.75,,,,0.0,258
2024-10-25,40.05,-88.37,,,,2.610705614089966,213
2024-10-25,38.89,-86.57,,,,0.0,229
2024-10-25,37.25,-86.23,-11.286808647196322,-17.198763644814434,43.96366500854492,3.912176132202149,231
2024-10-25,38.09,-84.75,,,,5.099114418029785,258
2024-10-26,40.05,-88.37,,,,0.0,213
2024-10-26,38.89,-86.57,,,,0.0,229
2024-10-26,37.25,-86.23,,,,0.0,231
2024-10-26,38.09,-84.75,,,,0.0,258
2024-10-27,40.05,-88.37,,,,0.0,213
2024-10-27,38.89,-86.57,,,,0.0,229
2024-10-27,37.25,-86.23,,,,0.0,231
2024-10-27,38.09,-84.75,-10.977047205670482,-25.608826861119766,30.45223617553711,0.0,258
2024-10-28,40.05,-88.37,,,,0.0,213
2024-10-28,38.89,-86.57,,,,0.0,229
2024-10-28,37.25,-86.23,,,,0.0,231
2024-10-28,38.09,-84.75,,,,0.0,258
2024-10-29,40.05,-88.37,,,,0.0,213
2024-10-29,38.89,-86.57,,,,0.0,229
2024-10-29,37.25,-86.23,,,,0.0,231
2024-10-29,38.09,-84.75,,,,0.0,258
2024-10-30,40.05,-88.37,,,,0.0,213
2024-10-30,38.89,-86.57,,,,0.0,229
2024-10-30,37.25,-86.23,,,,0.0,231
2024-10-30,38.09,-84.75,,,,0.0,258
2024-10-31,40.05,-88.37,,,,7.901440143585205,213
2024-10-31,38.89,-86.57,,,,5.722182273864746,229
2024-10-31,37.25,-86.23,,,,5.347846031188965,231
2024-10-31,38.09,-84.75,,,,6.831791877746582,258
2024-11-01,40.05,-88.37,,,,0.0,213
2024-11-01,38.89,-86.57,,,33.132293701171875,0.0,229
2024-11-01,37.25,-86.23,-9.719742690706864,-14.275948921924824,33.17129135131836,0.0,231
2024-11-01,38.09,-84.75,-15.886138990057164,-18.01283138266745,41.97170639038086,0.0,258
2024-11-02,40.05,-88.37,,,,0.0,213
2024-11-02,38.89,-86.57,,,,0.0,229
2024-11-02,37.25,-86.23,,,,0.0,231
2024-11-02,38.09,-84.75,,,,0.0,258
2024-11-03,40.05,-88.37,,,,0.0,213
2024-11-03,38.89,-86.57,,,,11.042064666748049,229
2024-11-03,37.25,-86.23,,,,0.0,231
2024-11-03,38.09,-84.75,,,,0.0,258
2024-11-04,40.05,-88.37,,,,46.69343948364258,213
2024-11-04,38.89,-86.57,,,,11.042064666748049,229
2024-11-04,37.25,-86.23,,,,12.789982795715332,231
2024-11-04,38.09,-84.75,,,,0.0,258
2024-11-05,40.05,-88.37,,,,46.69343948364258,213
2024-11-05,38.89,-86.57,,,,0.0,229
2024-11-05,37.25,-86.23,,,,0.0,231
2024-11-05,38.09,-84.75,,,,0.0,258
2024-11-06,40.05,-88.37,,,,0.0,213
2024-11-06,38.89,-86.57,,,,0.0,229
2024-11-06,37.25,-86.23,-8.184270783212714,-13.919805649223564,43.96061325073242,0.0,231
2024-11-06,38.09,-84.75,,,,0.0,258
2024-11-07,40.05,-88.37,,,,0.0,213
2024-11-07,38.89,-86.57,,,,0.0,229
2024-11-07,37.25,-86.23,,,,0.0,231
2024-11-07,38.09,-84.75,,,,0.0,258
2024-11-08,40.05,-88.37,,,,0.0,213
2024-11-08,38.89,-86.57,,,,0.0,229
2024-11-08,37.25,-86.23,,,,0.0,231
2024-11-08,38.09,-84.75,-11.739849794552482,-33.19953729086269,30.45172882080078,0.0,258
2024-11-09,40.05,-88.37,,,,0.0,213
2024-11-09,38.89,-86.57,,,,0.0,229
2024-11-09,37.25,-86.23,,,,0.0,231
2024-11-09,38.09,-84.75,,,,0.0,258
2024-11-10,40.05,-88.37,,,,0.0,213
2024-11-10,38.89,-86.57,,,,39.306583404541016,229
2024-11-10,37.25,-86.23,,,,33.055503845214844,231
2024-11-10,38.09,-84.75,,,,30.42960929870605,258
2024-11-11,40.05,-88.37,,,,0.0,213
2024-11-11,38.89,-86.57,,,,0.0,229
2024-11-11,37.25,-86.23,,,,0.0,231
2024-11-11,38.09,-84.75,,,,0.0,258
2024-11-12,40.05,-88.37,,,,0.0,213
2024-11-12,38.89,-86.57,,,,0.0,229
2024-11-12,37.25,-86.23,,,,0.0,231
2024-11-12,38.09,-84.75,,,,0.0,258
2024-11-13,40.05,-88.37,,,,0.0,213
2024-11-13,38.89,-86.57,,,33.12930679321289,33.132598876953125,229
2024-11-13,37.25,-86.23,-8.864613203550974,-13.153479593868262,33.1683349609375,18.40003204345703,231
2024-11-13,38.09,-84.75,-10.168914452486115,-18.4329903760062,41.96906661987305,0.0,258
2024-11-14,40.05,-88.37,,,,11.649133682250977,213
2024-11-14,38.89,-86.57,,,,33.132598876953125,229
2024-11-14,37.25,-86.23,,,,36.80006408691406,231
2024-11-14,38.09,-84.75,,,,49.951438903808594,258
2024-11-15,40.05,-88.37,,,,0.0,213
2024-11-15,38.89,-86.57,,,,0.0,229
2024-11-15,37.25,-86.23,,,,0.0,231
2024-11-15,38.09,-84.75,,,,0.0,258
2024-11-16,40.05,-88.37,,,,0.0,213
2024-11-16,38.89,-86.57,,,,0.0,229
2024-11-16,37.25,-86.23,,,,0.0,231
2024-11-16,38.09,-84.75,,,,0.0,258
2024-11-17,40.05,-88.37,,,,0.0,213
2024-11-17,38.89,-86.57,,,,0.0,229
2024-11-17,37.25,-86.23,,,,0.0,231
2024-11-17,38.09,-84.75,,,,0.0,258
2024-11-18,40.05,-88.37,,,,5.986875057220459,213
2024-11-18,38.89,-86.57,,,,0.0,229
2024-11-18,37.25,-86.23,-9.26970433778643,-14.144243560308706,43.96156692504883,0.0,231
2024-11-18,38.09,-84.75,,,,0.0,258
2024-11-19,40.05,-88.37,,,,5.986875057220459,213
2024-11-19,38.89,-86.57,,,,0.0,229
2024-11-19,37.25,-86.23,,,,10.744271278381348,231
2024-11-19,38.09,-84.75,,,,0.0,258
2024-11-20,40.05,-88.37,,,,0.0,213
2024-11-20,38.89,-86.57,,,,0.0,229
2024-11-20,37.25,-86.23,,,,0.0,231
2024-11-20,38.09,-84.75,-10.073233129205311,-17.767211363803895,30.452083587646484,0.0,258
2024-11-21,40.05,-88.37,,,,0.0,213
2024-11-21,38.89,-86.57,,,,0.0,229
2024-11-21,37.25,-86.23,,,,0.0,231
2024-11-21,38.09,-84.75,,,,0.0,258
2024-11-22,40.05,-88.37,,,,0.0,213
2024-11-22,38.89,-86.57,,,,0.0,229
2024-11-22,37.25,-86.23,,,,0.0,231
2024-11-22,38.09,-84.75,,,,0.0,258
2024-11-23,40.05,-88.37,,,,0.0,213
2024-11-23,38.89,-86.57,,,,0.0,229
2024-11-23,37.25,-86.23,,,,0.0,231
2024-11-23,38.09,-84.75,,,,0.0,258
2024-11-24,40.05,-88.37,,,,4.925142765045166,213
2024-11-24,38.89,-86.57,,,,0.0,229
2024-11-24,37.25,-86.23,,,,0.0,231
2024-11-24,38.09,-84.75,,,,0.0,258
2024-11-25,40.05,-88.37,,,,0.0,213
2024-11-25,38.89,-86.57,,,33.12773513793945,0.0,229
2024-11-25,37.25,-86.23,-9.874481796726622,-15.535645897189749,33.16683578491211,0.0,231
2024-11-25,38.09,-84.75,-10.509120331679808,-21.046885547404347,41.96770477294922,0.0,258
2024-11-26,40.05,-88.37,,,,0.0,213
2024-11-26,38.89,-86.57,,,,0.0,229
2024-11-26,37.25,-86.23,,,,0.0,231
2024-11-26,38.09,-84.75,,,,7.448174953460693,258
2024-11-27,40.05,-88.37,,,,0.0,213
2024-11-27,38.89,-86.57,,,,0.0,229
2024-11-27,37.25,-86.23,,,,10.7235107421875,231
2024-11-27,38.09,-84.75,,,,0.0,258
2024-11-28,40.05,-88.37,,,,0.0,213
2024-11-28,38.89,-86.57,,,,0.0,229
2024-11-28,37.25,-86.23,,,,0.0,231
2024-11-28,38.09,-84.75,,,,7.448174953460693,258
2024-11-29,40.05,-88.37,,,,0.0,213
2024-11-29,38.89,-86.57,,,,0.0,229
2024-11-29,37.25,-86.23,,,,0.0,231
2024-11-29,38.09,-84.75,,,,0.0,258
2024-11-30,40.05,-88.37,,,,0.0,213
2024-11-30,38.89,-86.57,,,,0.0,229
2024-11-30,37.25,-86.23,,,,0.0,231
2024-11-30,38.09,-84.75,,,,0.0,258
2024-12-01,40.05,-88.37,,,,0.0,213
2024-12-01,38.89,-86.57,,,,0.0,229
2024-12-01,37.25,-86.23,,,,0.0,231
2024-12-01,38.09,-84.75,,,,0.0,258
2024-12-02,40.05,-88.37,,,,0.0,213
2024-12-02,38.89,-86.57,,,,0.0,229
2024-12-02,37.25,-86.23,,,,0.0,231
2024-12-02,38.09,-84.75,-11.684472792303708,-23.751195478030706,30.45244598388672,0.0,258
2024-12-03,40.05,-88.37,,,,0.0,213
2024-12-03,38.89,-86.57,,,,0.0,229
2024-12-03,37.25,-86.23,,,,0.0,231
2024-12-03,38.09,-84.75,,,,0.0,258
2024-12-04,40.05,-88.37,,,,0.0,213
2024-12-04,38.89,-86.57,,,,0.0,229
2024-12-04,37.25,-86.23,,,,0.0,231
2024-12-04,38.09,-84.75,,,,0.0,258
2024-12-05,40.05,-88.37,,,,0.0,213
2024-12-05,38.89,-86.57,,,,0.0,229
2024-12-05,37.25,-86.23,,,,0.0,231
2024-12-05,38.09,-84.75,,,,0.0,258
2024-12-06,40.05,-88.37,,,,0.0,213
2024-12-06,38.89,-86.57,,,,0.0,229
2024-12-06,37.25,-86.23,,,,0.0,231
2024-12-06,38.09,-84.75,,,,0.0,258
2024-12-07,40.05,-88.37,,,,0.0,213
2024-12-07,38.89,-86.57,,,33.124847412109375,0.0,229
2024-12-07,37.25,-86.23,-9.161543619600156,-13.891568973697586,33.16401290893555,0.0,231
2024-12-07,38.09,-84.75,-14.141915903638658,-26.019332996118536,41.96516799926758,0.0,258
2024-12-08,40.05,-88.37,,,,0.0,213
2024-12-08,38.89,-86.57,,,,0.0,229
2024-12-08,37.25,-86.23,,,,0.0,231
2024-12-08,38.09,-84.75,,,,0.0,258
2024-12-09,40.05,-88.37,,,,7.936211585998535,213
2024-12-09,38.89,-86.57,,,,13.40847873687744,229
2024-12-09,37.25,-86.23,,,,22.13967514038086,231
2024-12-09,38.09,-84.75,,,,16.506969451904297,258
2024-12-10,40.05,-88.37,,,,0.0,213
2024-12-10,38.89,-86.57,,,,0.0,229
2024-12-10,37.25,-86.23,,,,0.0,231
2024-12-10,38.09,-84.75,,,,0.0,258
2024-12-11,40.05,-88.37,,,,0.0,213
2024-12-11,38.89,-86.57,,,,0.0,229
2024-12-11,37.25,-86.23,,,,0.0,231
2024-12-11,38.09,-84.75,,,,0.0,258
2024-12-12,40.05,-88.37,,,,0.0,213
2024-12-12,38.89,-86.57,,,,0.0,229
2024-12-12,37.25,-86.23,,,,0.0,231
2024-12-12,38.09,-84.75,,,,0.0,258
2024-12-13,40.05,-88.37,,,,0.0,213
2024-12-13,38.89,-86.57,,,,0.0,229
2024-12-13,37.25,-86.23,,,,0.0,231
2024-12-13,38.09,-84.75,,,,6.061856746673584,258
2024-12-14,40.05,-88.37,,,,0.0,213
2024-12-14,38.89,-86.57,,,,5.9481611251831055,229
2024-12-14,37.25,-86.23,,,,13.519645690917969,231
2024-12-14,38.09,-84.75,,,,0.0,258
2024-12-15,40.05,-88.37,,,,13.471683502197266,213
2024-12-15,38.89,-86.57,,,,11.896322250366213,229
2024-12-15,37.25,-86.23,,,,13.519645690917969,231
2024-12-15,38.09,-84.75,,,,12.123713493347168,258
2024-12-16,40.05,-88.37,,,,4.97215461730957,213
2024-12-16,38.89,-86.57,,,,30.052610397338867,229
2024-12-16,37.25,-86.23,,,,20.10076141357422,231
2024-12-16,38.09,-84.75,,,,21.887983322143555,258
2024-12-17,40.05,-88.37,,,,0.0,213
2024-12-17,38.89,-86.57,,,,0.0,229
2024-12-17,37.25,-86.23,,,,10.05038070678711,231
2024-12-17,38.09,-84.75,,,,7.295994281768799,258
2024-12-18,40.05,-88.37,,,,0.0,213
2024-12-18,38.89,-86.57,,,,20.03507232666016,229
2024-12-18,37.25,-86.23,,,,30.151138305664062,231
2024-12-18,38.09,-84.75,,,,14.591988563537598,258
2024-12-19,40.05,-88.37,,,,0.0,213
2024-12-19,38.89,-86.57,,,33.12383270263672,0.0,229
2024-12-19,37.25,-86.23,-10.871503526063863,-13.117256535467735,33.162994384765625,0.0,231
2024-12-19,38.09,-84.75,-13.491959212074882,-21.079357452703952,41.964263916015625,0.0,258
2024-12-20,40.05,-88.37,,,,0.0,213
2024-12-20,38.89,-86.57,,,,0.0,229
2024-12-20,37.25,-86.23,,,,0.0,231
2024-12-20,38.09,-84.75,,,,0.0,258
2024-12-21,40.05,-88.37,,,,0.0,213
2024-12-21,38.89,-86.57,,,,0.0,229
2024-12-21,37.25,-86.23,,,,0.0,231
2024-12-21,38.09,-84.75,,,,0.0,258
2024-12-22,40.05,-88.37,,,,0.0,213
2024-12-22,38.89,-86.57,,,,0.0,229
2024-12-22,37.25,-86.23,,,,0.0,231
2024-12-22,38.09,-84.75,,,,0.0,258
2024-12-23,40.05,-88.37,,,,0.0,213
2024-12-23,38.89,-86.57,,,,0.0,229
2024-12-23,37.25,-86.23,,,,0.0,231
2024-12-23,38.09,-84.75,,,,0.0,258
2024-12-24,40.05,-88.37,,,,0.0,213
2024-12-24,38.89,-86.57,,,,0.0,229
2024-12-24,37.25,-86.23,-11.457664427865437,-11.97312437056662,43.96378326416016,0.0,231
2024-12-24,38.09,-84.75,,,,0.0,258
2024-12-25,40.05,-88.37,,,,0.0,213
2024-12-25,38.89,-86.57,,,,0.0,229
2024-12-25,37.25,-86.23,,,,0.0,231
2024-12-25,38.09,-84.75,,,,0.0,258
2024-12-26,40.05,-88.37,,,,0.0,213
2024-12-26,38.89,-86.57,,,,0.0,229
2024-12-26,37.25,-86.23,,,,0.0,231
2024-12-26,38.09,-84.75,-10.314358071663923,-18.42233137988893,30.444107055664062,0.0,258
2024-12-27,40.05,-88.37,,,,0.0,213
2024-12-27,38.89,-86.57,,,,0.0,229
2024-12-27,37.25,-86.23,,,,9.40557098388672,231
2024-12-27,38.09,-84.75,,,,11.054142951965332,258
2024-12-28,40.05,-88.37,,,,0.0,213
2024-12-28,38.89,-86.57,,,,0.0,229
2024-12-28,37.25,-86.23,,,,9.40557098388672,231
2024-12-28,38.09,-84.75,,,,0.0,258
2024-12-29,40.05,-88.37,,,,31.39653205871582,213
2024-12-29,38.89,-86.57,,,,54.869876861572266,229
2024-12-29,37.25,-86.23,,,,28.216711044311523,231
2024-12-29,38.09,-84.75,,,,22.108285903930664,258
2024-12-30,40.05,-88.37,,,,0.0,213
2024-12-30,38.89,-86.57,,,,0.0,229
2024-12-30,37.25,-86.23,,,,0.0,231
2024-12-30,38.09,-84.75,,,,0.0,258
2024-12-31,40.05,-88.37,,,,0.0,213
2024-12-31,38.89,-86.57,,,,0.0,229
2024-12-31,37.25,-86.23,,,,0.0,231
2024-12-31,38.09,-84.75,,,,0.0,258
